Chief Daddy,tt9652322
Aquaman,tt1477834
Aquaman,tt9417872
Aquaman,tt0498318
Aquaman,tt0433278
Bumblebee,tt4701182
Bumblebee,tt14779884
Elliot the Littlest Reindeer,tt4177856
Get Married,tt1129952
Get Married,tt1044340
Green Book,tt6966692
Mary Poppins Returns,tt5028340
Mortal Engines,tt1571234
Power of 1,tt9220770
Second Act,tt2126357
Second Act,tt2338225
Second Act,tt10653150
Second Act,tt2854196
Simmba,tt7212726
Up North,tt8631800
Up North,tt15387834
Up North,tt4481062
Up North,tt7176580
Up North,tt3149996
Up North,tt1732757
Up North,tt1466556
Baby Steps,tt3342720
Baby Steps,tt3322898
Baby Steps,tt16195918
Baby Steps,tt9261862
Baby Steps,tt19119522
Baby Steps,tt9642310
Baby Steps,tt0472940
Baby Steps,tt13149202
Njan Prakashan,tt8286926
Sista Sista,nm10605796
Uri: The Surgical Strike,tt8291224
Glass,tt6823368
Light in the Dark,tt8530796
Manikarnika: The Queen of Jhansi,tt6903440
Spider-Man: Into the Spider-Verse,tt4633694
Thackeray,tt7777196
Thackeray,tt11603750
Ek Ladki Ko Dekha Toh Aisa Laga,tt8108164
Escape Room,tt5886046
Escape Room,tt5159414
Escape Room,tt5748392
How to Train Your Dragon: The Hidden World,tt2386490
Let Karma,tt10411520
Alita: Battle Angel,tt0437086
Cold Pursuit,tt5719748
Gully Boy,tt2395469
Loving Daniella,tt10383450
No Budget,tt18860042
No Budget,tt3957960
No Budget,tt8905528
Sin City,tt0401792
Sin City,tt14064260
Sin City,tt6957308
Total Dhamaal,tt7639372
What Men Want,tt7634968
What Men Want,tt0021543
What Men Want,tt4733740
What Men Want,tt0419382
Baby Mamas,tt8686460
Luka Chuppi,tt8908002
Luka Chuppi,tt13834880
Being Annabel,tt15574304
Captain Marvel,tt4154664
Captain Marvel,nm5363815
Hafeez,nm10969331
Kumbalangi Nights,tt8413338
She Is,tt14605914
She is,tt10777322
Wonder Park,tt6428676
Kesari,tt6264938
Kesari,nm0450166
P over D,tt9883020
Zero Hour,tt2215797
Zero Hour,tt0397850
Zero Hour,tt0075279
Zero Hour,tt0164985
Dumbo,tt3861390
Dumbo,tt0033563
Dumbo,nm2960818
Hire a Woman,tt10279104
Hotel Mumbai,tt5461944
Joba,tt15590700
Shazam!,tt0448115
Shazam!,tt0071050
Shazam!,tt3081532
Shazam!,tt1957537
Stones,tt0310001
Us,tt6857112
4th Republic,tt10279102
Breakthrough,tt7083526
Breakthrough,tt0078320
Breakthrough,tt4622776
Breakthrough,tt11006500
Breakthrough,tt0042282
Hellboy,tt2274648
Hellboy,tt0167190
Jumbled,tt10417634
Kalank,tt6988116
Kalank,tt4936448
1929,tt10279098
Avengers: Endgame,tt4154796
Away Bus,tt10279092
Knock Out,tt1558578
Knock Out,tt12746342
Ana Barin Halak,tt10279094
Bakon Yanayi,tt10332098
Clustered Colours,tt10332086
Detective Pikachu,tt5654782
Heaven's Hell,tt5530860
Heaven's Hell,tt10238712
Long Shot,tt2139881
Long Shot,tt7344360
Long Shot,tt3110848
Long Shot,tt0077867
Love or Quest,tt10332076
Makate Must Sell,tt10332008
Night Bus to Lagos,tt10332028
Student of the Year 2,tt7255568
Uyare,tt9271408
Aladdin,tt0103639
Aladdin,tt6139732
Aladdin,tt0105935
Cold Feet,tt0168596
Cold Feet,tt0097076
Cold Feet,tt7883774
Cold Feet,tt11045972
Cold Feet,tt10377314
Cold Feet,tt0209582
Cold Feet,tt0087070
De De Pyaar De,tt8647400
Gold Statue,tt10377292
John Wick: Chapter 3 - Parabellum,tt6146586
Brightburn,tt7752126
India's Most Wanted,tt8484942
Street Kid,tt0363892
Bharat,tt7721800
Coming from Insanity,tt8470448
Mad About You,tt0103484
Mad About You,tt0095563
Mad About You,tt15555052
Mad About You,tt15565782
Mad About You,tt15301724
Men in Black: International,tt2283336
Virus,tt0120458
Ma,tt7958736
Toy Story 4,tt1979376
Annabelle Comes Home,tt8350360
Article 15,tt10324144
Sareena,nm12615521
Spider-Man: Far from Home,tt6320628
Stuber,tt7734218
Yesterday,tt8079248
Rant Queens,tt10556230
Super 30,tt7485048
Jhootha Kahin Ka,tt8206760
Crawl,tt8364368
Crawl,tt1848832
Executioner,tt15791080
Jabariya Jodi,tt8785426
Kalki,tt10207954
Kalki,tt9011130
Kalki,tt0140303
Kalki,tt12404114
Locked,tt12127974
Angel Has Fallen,tt6189022
Batla House,tt8869978
Mission Mangal,tt9248972
Sade Takes Lagos,tt10872866
Single Action,tt0176145
Single Action,tt11254244
Code Wilo,tt11547152
Ready or Not,tt7798634
Ready or Not,tt0106110
Ready or Not,tt0892094
Ready or Not,tt13217216
Ready or Not,tt2381978
Ready or Not,tt12624452
Ready or Not,tt15332516
Ready or Not,tt8226276
Run,tt8633478
Chhichhore,tt9052870
Good Boys,tt6977338
Good Boys,tt0462726
Good Boys,tt9636500
House of Talents,nm13005129
Kasanova,tt10887282
My London Slave,tt8890632
Social Media 101,tt18080194
Dora and the Lost City of Gold,tt7547410
Dream Girl,tt9248940
Hustlers,tt5503686
Hustlers,tt1604115
Hustlers,tt3512976
Rambo: Last Blood,tt1206885
Ad Astra,tt2935510
Ad Astra,tt1372717
Ad Astra,tt6028590
Ad Astra,tt8990566
For Old Times' Sake,tt10991210
For Old Times' Sake,tt6365454
Made in Heaven,tt6494622
Made in Heaven,tt0093467
Made in Heaven,tt0044864
Made in Heaven,tt0272400
Made in Heaven,tt6856602
Made in Heaven,tt14605638
Made in Heaven,tt0012429
Overcomer,tt8186318
Abominable,tt6324278
Abominable,tt0402743
Abominable,tt10674930
City Hunter,tt8523334
City Hunter,tt1982229
City Hunter,tt0103950
City Hunter,tt0159208
Joker,tt7286456
Joker,tt16409108
Love Is War,tt10799940
Love Is War,tt0214890
"My People, My Country",tt10147382
Three Thieves,tt11133472
Three Thieves,tt0017293
Don't Get Mad Get Even,tt11629584
Elevator Baby,tt11005162
Gemini Man,tt1025100
Gemini Man,tt0073994
Sye Raa Narasimha Reddy,tt7283064
War,/search/title/?genres=war
Maleficent: Mistress of Evil,tt4777008
Everything But a Man,tt4533594
Black and Blue,tt7390646
Black and Blue,tt0214546
Black and Blue,tt0472261
Black and Blue,tt4472010
Black and Blue,tt1265615
Black and Blue,tt0407366
Black and Blue,tt0251615
Farming,tt1127881
Farming,tt0940039
Housefull 4,tt7721946
Terminator: Dark Fate,tt6450804
Living in Bondage: Breaking Free,tt12539758
Saand Ki Aankh,tt8108206
Bala,tt9420648
Charlie's Angels,tt5033998
Charlie's Angels,tt0160127
Charlie's Angels,tt0073972
Charlie's Angels,tt1760943
Charlie's Angels,tt5737186
Doctor Sleep,tt5606664
Midway,tt6924650
Midway,tt0074899
Midway,tt2428672
21 Bridges,tt8688634
Marjaavaan,tt9248934
Pagalpanti,tt9495690
Pagalpanti,tt8423008
Fix Us,tt14235996
Jumanji: The Next Level,tt7975244
Knives Out,tt8946378
Knives Out,tt5961976
Knives Out,tt12892512
Last Christmas,tt8623904
Last Christmas,tt0223623
Last Christmas,tt2105574
Last Christmas,tt5876496
Muna,tt10264732
Panipat,tt8176040
Pati Patni Aur Woh,tt12482544
Pati Patni Aur Woh,tt9680136
Pati Patni Aur Woh,tt0158845
Pati Patni Aur Woh,tt2943764
Playing with Fire,tt9134216
Playing with Fire,tt9587732
Playing with Fire,tt0073203
Playing with Fire,tt0301527
Playing with Fire,tt1207652
Survival of Jelili,tt15149094
Your Excellency,tt11489288
Mardaani 2,tt5668770
Dabangg 3,tt7059844
Jexi,tt9354944
Spies in Disguise,tt5814534
Sugar Rush,tt0452568
Sugar Rush,tt8680560
Sugar Rush,tt11430264
Sugar Rush,tt0784944
Good Newwz,tt8504014
Lionheart,tt0100029
Lionheart,tt0093424
Lionheart,tt7707314
Lionheart,tt0063228
Different Worlds,tt9012782
Different Worlds,tt6494070
Gold Coast Lounge,tt10508774
Dolittle,tt6673612
Tanhaji: The Unsung Warrior,tt8108274
Bad Boys for Life,tt1502397
Bad Boys for Life,tt9619734
Chhapaak,tt9614460
Just Mercy,tt4916630
Panga,tt8983166
Panga,tt0101636
Small Chops,tt11822492
Street Dancer 3D,tt9648672
Birds of Prey,tt7713068
Birds of Prey,tt0312098
Birds of Prey,tt3785606
Birds of Prey,tt0069787
Birds of Prey,tt0088809
Efunsetan Aniwura,tt3995596
Efunsetan Aniwura,tt10337506
Efunsetan Aniwura,tt11650302
Efunsetan Aniwura,tt0082310
Jawaani Jaaneman,tt9248952
Like a Boss,tt7545266
Like a Boss,tt5190732
Like a Boss,tt13200150
Like a Boss,tt7005030
Like a Boss,tt13022550
Like a Boss,tt16249336
Shylock,tt10644282
Shylock,tt5260564
Shylock,tt0226448
Blue Story,tt9285882
Dear Affy,tt14928724
Malang,tt9877170
Malang,nm5174129
Malang,nm0538921
Malang,nm3226073
Fantasy Island,tt0983946
Fantasy Island,tt13784584
Fantasy Island,tt0077008
Fantasy Island,tt0158408
Fantasy Island,tt0319998
Fantasy Island,tt18077476
Love Aaj Kal,tt1275863
Love Aaj Kal,tt10023024
Mati a Zazzau,tt16762488
Muddled,tt15765428
Queen & Slim,tt8722346
Who's the Boss,tt13370858
Shubh Mangal Zyada Saavdhan,tt10309906
Sonic the Hedgehog,tt3794354
Sonic the Hedgehog,tt0106140
Sonic the Hedgehog,tt0291490
Bhoot: Part One - The Haunted Ship,tt10463030
Handicapped,tt9809276
Handicapped,tt3190148
Special Jollof,tt11546322
Angrezi Medium,tt8907986
Bloodshot,tt1634106
Bloodshot,tt12174850
Bloodshot,tt6617618
Bloodshot,nm12857575
My Spy,tt8242084
My Spy,tt1252398
My Spy,tt1537860
Onward,tt7146812
Onward,tt18161952
Mama Drama,tt12424356
Mama Drama,tt2118293
Unroyal,tt15526612
Love Thy Neighbour,tt0068096
Love Thy Neighbour,tt0191255
Love Thy Neighbour,tt12464156
Love Thy Neighbour,tt4865158
Love Thy Neighbour,tt12234568
Love Thy Neighbour,tt3591488
Mulan,tt4566758
Mulan,tt0120762
Mulan,tt0238429
Tenet,tt6723592
Unhinged,tt10059518
Unhinged,tt5940342
Unhinged,tt0180274
Unhinged,tt3206146
Unhinged,tt11295854
Unhinged,tt1530849
Soft Work,tt14274698
Husna,nm1539524
Husna,tt14651694
Kakanfo,tt18553946
Rise of the Saints,tt11878680
This Lady Called Life,tt12282600
Honest Thief,tt1838556
Lagos to Abuja Coach,tt15796156
Lemonade,tt5662106
Lemonade,tt6506276
Lemonade,tt3780546
Greenland,tt7737786
Greenland,tt7660226
Greenland,tt1537776
Rattlesnake,tt9257484
Stepping Into Maggie's Shoes,tt11953834
Family First,tt8042452
Family First,tt15830650
Family First,tt7017486
Family First,tt14298010
Family First,tt4613892
Freaky,tt10919380
Freaky,tt0395056
Peninsula,tt8850222
Peninsula,tt10442492
Peninsula,tt4198430
Peninsula,tt11720706
Voiceless,tt13149312
Voiceless,tt2603600
Voiceless,tt12845428
Voiceless,tt1502999
Fatman,tt10310140
Introducing the Kujus,tt13622620
To All the Broken Hearted,tt16951768
100% Wolf,tt8774798
Finding Hubby,tt13540496
No Chance,tt4379420
Quam's Money,tt13113544
Ratnik,tt5518714
Love Bane,tt15545706
Our Jesus Story,tt15766282
Son of Mercy,tt12765526
Nneka the Pretty Serpent,tt13809646
Nneka the Pretty Serpent,tt12038334
Wonder Woman 1984,tt7126948
Omo Ghetto,tt19320504
Soul,tt2948372
"Love, Weddings & Other Disasters",tt10235718
Tanwa Savage,tt15120152
Delusion,tt0101704
Delusion,tt0080607
Delusion,tt4113846
Delusion,tt9119756
Monsters of Man,tt6456326
Sanitation Day,tt13445916
2 Weeks in Lagos,tt10241024
Fine Wine,tt13857480
Gosolo,nm10642247
Still Falling,tt15149862
Detective Chinatown 3,tt10370822
Judas and the Black Messiah,tt9784798
Critical Thinking,tt7870102
Easy Gold,tt18499634
American Dream,tt1998389
Raya and the Last Dragon,tt5109280
Boss Level,tt7638348
Eagle Wings,tt14188284
La Femme Anjola,tt10751454
Ponzi,tt14128416
Ponzi,tt1438220
Ponzi,tt4574392
Under the Carpet,tt9501618
Under the Carpet,tt16021956
Godzilla vs. Kong,tt5034838
Nobody,tt7888964
Oba Bi Olorun,tt18474006
Prophetess,tt14503370
Mortal Kombat,tt0293429
Mortal Kombat,tt0113855
Mr and Mrs Okoli,tt19434088
Breaded Life,tt15150454
Chaos Walking,tt2076822
Vanquish,tt5932368
Vanquish,tt1810844
Vanquish,tt9678708
Suga Suga,tt15554614
Believe in You,tt9332398
Believe in You,tt11655914
Wrath of Man,tt11083552
Dream Job,tt14278078
Dream Job,tt0401926
Dream Job,tt14362042
Dream Job,tt7231098
Mamba's Diamond,tt13497426
Those Who Wish Me Dead,tt3215824
Spiral,tt10342730
Spiral,tt0477507
Spiral,tt9247314
Spiral,tt0244870
Dead Expensive,tt16348876
Elina,tt5699828
Lockdown,tt7758954
Cruella,tt3228774
Silent Murder,tt16348966
My Village People,tt13155940
Spirit Untamed,tt11084896
In the Heights,tt1321510
Ayinla,tt15150424
Luca,tt12801262
Luca,tt14830850
On My Honour,tt19402106
Devil in Agbada,tt14975252
Black Widow,tt3480822
Black Widow,tt0090738
Black Widow,tt1046894
Black Widow,tt0046791
Tenant of the House,tt16287560
Hustle,tt8009428
Hustle,tt0379632
Space Jam: A New Legacy,tt3554046
Space Jam: A New Legacy,tt15034870
Gone,tt1838544
Forever Mine,tt0179182
Forever Mine,tt18469006
Gunpowder Milkshake,tt8368408
Jungle Cruise,tt0870154
Crazy Grannies,tt15001678
Old,tt10954652
Free Guy,tt6264654
Bitter Rain,tt15218070
Bell Bottom,tt9430780
Bell Bottom,tt14091840
PAW Patrol,tt3121722
PAW Patrol,tt8467618
Reminiscence,tt3272066
Reminiscence,tt5570680
Loving Rona,tt15297018
Bad Comments,tt12423140
Malignant,tt3811906
Malignant,tt2181310
Malignant,tt8174110
Malignant,tt4745764
Candyman,tt9347730
Candyman,tt0103919
Candyman,tt1524107
Candyman,tt3573138
Love Castle,tt15286894
De Wedding Gift,tt15732360
Mofe Ni Mofe,tt15516960
Fools' Day,tt15758338
No Time to Die,tt2382320
No Time to Die,tt0899070
Hide N Seek,tt4856806
Hide N Seek,tt5953136
Pandora's Box,tt0018737
Pandora's Box,tt0285869
Pandora's Box,tt1285130
Pandora's Box,tt0437029
Pandora's Box,tt5806384
13 Letters,tt15838096
Charge and Bail,tt15568170
April Showers,nm7195426
April Showers,tt1212451
April Showers,tt0040107
April Showers,tt0013837
April Showers,tt15548146
April Showers,tt1024882
Wish Dragon,tt5562070
Dune,tt1160419
Dune,tt0087182
Dune,tt0142032
Ron's Gone Wrong,tt7504818
Venom: Let There Be Carnage,tt7097896
Progressive Tailors Club,tt15837662
Beautifool,tt15806844
Halloween Kills,tt10665338
Black Out,tt2114358
Black Out,tt0245013
Sooryavanshi,tt9531772
Ring of Deceit,tt1493127
Ring of Deceit,tt15963972
Detour,tt0037638
Last Night in Soho,tt9639470
Ghostbusters: Afterlife,tt4513678
King Richard,tt9620288
King Richard,nm5050719
What Happened at St James,tt16163368
Alagogo Ide,tt18411746
African Messiah,tt16088402
House of Gucci,tt11214590
Encanto,tt2953050
Encanto,tt5964462
Dubara,tt16744376
Antim: The Final Truth,tt13491110
Satyameva Jayate 2,tt10739666
Behind the Faces,tt18393772
Tadap,tt10761694
Tadap,tt11410434
Tadap,tt0374259
Tadap,tt2617776
Tadap,tt11581602
Spider-Man: No Way Home,tt10872600
Aki & PawPaw,tt1813144
Ajibade,tt18235640
Ajibade,nm9504643
Clifford the Big Red Dog,tt2397461
Clifford the Big Red Dog,tt0233041
Clifford the Big Red Dog,tt8447844
Clifford the Big Red Dog,tt11291526
Shero,tt15198124
Pushpa,nm0701106
Coming to Africa,tt12516768
Chandigarh Kare Aashiqui,tt12861850
Christmas in Miami,tt15005176
Sing 2,tt6467266
Superstar,tt0167427
Savannah,tt0115346
Savannah,tt1797487
Over Her Dead Body,tt0785007
Over Her Dead Body,tt12081188
Terminus,tt3399896
Terminus,tt0092070
Rancor,tt16526508
Rancor,tt17352354
Singleholic,tt4447048
Juju Stories,tt11989466
Dinner at My Place,tt17042306
Lamba,tt12926654
Lamba,nm1739950
Lamba,nm11838010
Sonchiriya,tt8108200
Junglee,tt7463730
Junglee,tt0055035
Lucifer,tt4052886
Lucifer,tt6067752
Everything Happens to Me,tt0080530
Everything Happens to Me,tt0253821
Everything Happens to Me,tt0030110
Arjun Patiala,tt7881524
Once upon a Night,tt9106456
Once Upon a Night,tt3499340
Saaho,tt6836936
Besieged,tt0149723
Besieged,tt0209350
Besieged,tt0379948
Besieged,tt16265420
Made in China,tt8983180
Made in China,tt9351598
Made in China,tt1075822
Made in China,tt3688544
Made in China,tt4023930
Made in China,tt0083528
Commando 3,tt8983168
Baaghi 3,tt8366590
Head Over Bills,tt17062106
Moonfall,tt5834426
Moonfall,tt6304710
Moonfall,tt3889958
Before Valentine's,tt17320674
Death on the Nile,tt7657566
Death on the Nile,tt0077413
Luckily Unfortunate,tt18250824
Marry Me,tt10223460
Marry Me,tt3460454
Marry Me,tt1721323
Uncharted,tt1464335
Uncharted,tt1057576
